{"graph": {"_type": "graph-file", "sha256": "459ab74e06a2f74228225fa3d6dcef8415e9c60499c5d6ab9ad2640d64b8cf14", "size": 29123, "path": "media/graph/graph_summary_459ab74e06a2f7422822.graph.json"}, "epoch": 15, "_timestamp": 1655653264, "_runtime": 13962, "loss": 0.3324260711669922, "dice_coef": 0.667576014995575, "recall": 0.7446803450584412, "precision": 0.6223107576370239, "val_loss": 0.3777240812778473, "val_dice_coef": 0.622281551361084, "val_recall": 0.7003287076950073, "val_precision": 0.5767775177955627, "lr": 9.999999974752427e-07, "_step": 15, "best_val_loss": 0.3729078471660614, "best_epoch": 5, "_wandb": {"runtime": 13963}}