{"graph": {"_type": "graph-file", "sha256": "459ab74e06a2f74228225fa3d6dcef8415e9c60499c5d6ab9ad2640d64b8cf14", "size": 29123, "path": "media/graph/graph_summary_459ab74e06a2f7422822.graph.json"}, "epoch": 14, "_timestamp": 1655637968, "_runtime": 13108, "loss": 0.3321681618690491, "dice_coef": 0.6678783893585205, "recall": 0.7457793354988098, "precision": 0.6218176484107971, "val_loss": 0.37753549218177795, "val_dice_coef": 0.6224705576896667, "val_recall": 0.7011818885803223, "val_precision": 0.5765695571899414, "lr": 9.999999974752427e-07, "_step": 14, "best_val_loss": 0.3729078471660614, "best_epoch": 5, "_wandb": {"runtime": 13109}}